{
  "model": "/Users/anthonylui/Models/Qwen3.6-35B-A3B-nvfp4",
  "decode_steps": 80,
  "repeats": 7,
  "priming_pairs": 1,
  "env_defaults": {
    "ISOQUANT_FUSED_ENCODE": "0",
    "ISOQUANT_USE_NPT8_FUSED": "1",
    "ISOQUANT_CACHE_MODE": "concat_append",
    "ISOQUANT_USE_METAL": "0",
    "ISOQUANT_BITS": "3"
  },
  "method": "paired_alternating_with_priming",
  "timestamp": "2026-04-28T21:35:16Z",
  "configs_per_T": [
    {
      "T": 4096,
      "production": {
        "combined": {
          "label": "FUSED_ENCODE=1 + prealloc",
          "signal": "outlier",
          "stats": {
            "delta_median": 1.3312781251443084,
            "delta_mean": 1.4413480642230883,
            "delta_std": 0.8640769626638658,
            "delta_p25": 1.0745432248768338,
            "delta_p75": 1.4422997311157815,
            "delta_mad": 0.2050583378149895,
            "outlier_count": 1,
            "outlier_indices": [
              2
            ],
            "sign_consistent": true,
            "has_sign_flip": false,
            "ref_median": 19.63155312496383,
            "variant_median": 18.206719800036808,
            "ref_samples": [
              20.894833862439555,
              19.012048437434714,
              21.243972399861377,
              19.503750525109353,
              19.63155312496383,
              19.60655156235589,
              19.86226666249422
            ],
            "variant_samples": [
              20.546194787493732,
              17.885828650105395,
              17.86813906237512,
              18.172472399965045,
              18.60868646253948,
              18.206719800036808,
              18.37749896258174
            ],
            "delta_samples": [
              0.34863907494582236,
              1.126219787329319,
              3.375833337486256,
              1.3312781251443084,
              1.0228666624243488,
              1.3998317623190815,
              1.4847676999124815
            ]
          },
          "pairs": [
            {
              "repeat": 0,
              "ref_first": true,
              "ref_ms": 20.894833862439555,
              "variant_ms": 20.546194787493732,
              "delta_ms": 0.34863907494582236
            },
            {
              "repeat": 1,
              "ref_first": false,
              "ref_ms": 19.012048437434714,
              "variant_ms": 17.885828650105395,
              "delta_ms": 1.126219787329319
            },
            {
              "repeat": 2,
              "ref_first": true,
              "ref_ms": 21.243972399861377,
              "variant_ms": 17.86813906237512,
              "delta_ms": 3.375833337486256
            },
            {
              "repeat": 3,
              "ref_first": false,
              "ref_ms": 19.503750525109353,
              "variant_ms": 18.172472399965045,
              "delta_ms": 1.3312781251443084
            },
            {
              "repeat": 4,
              "ref_first": true,
              "ref_ms": 19.63155312496383,
              "variant_ms": 18.60868646253948,
              "delta_ms": 1.0228666624243488
            },
            {
              "repeat": 5,
              "ref_first": false,
              "ref_ms": 19.60655156235589,
              "variant_ms": 18.206719800036808,
              "delta_ms": 1.3998317623190815
            },
            {
              "repeat": 6,
              "ref_first": true,
              "ref_ms": 19.86226666249422,
              "variant_ms": 18.37749896258174,
              "delta_ms": 1.4847676999124815
            }
          ],
          "activation_before": {
            "iso_layers": 10,
            "total_layers": 40,
            "flags": {
              "head_dim": 256,
              "bit_width": 3,
              "fused_encode": true,
              "fused_metal_ok": null,
              "supports_fused": true,
              "cache_mode": "prealloc",
              "use_metal_runtime": false
            }
          },
          "activation_after": {
            "fused_encode_after": true,
            "fused_metal_ok_after": true,
            "fallback_after": false
          }
        }
      },
      "paired_gap": {
        "valid": true,
        "stats": {
          "delta_median": 8.164821862737881,
          "delta_mean": 8.34355356429504,
          "delta_std": 0.36164522389427434,
          "delta_p25": 8.104697393719107,
          "delta_p75": 8.467470568666613,
          "delta_mad": 0.06395001219061669,
          "outlier_count": 0,
          "outlier_indices": [],
          "sign_consistent": true,
          "has_sign_flip": false,
          "ref_median": 18.97537082513736,
          "variant_median": 10.81054896239948,
          "ref_samples": [
            18.756541662514792,
            18.97537082513736,
            19.443905200023437,
            18.869868225010578,
            18.954313537506096,
            19.070627600012813,
            20.473784887508373
          ],
          "variant_samples": [
            10.72893073742307,
            10.81054896239948,
            10.737735937618709,
            10.765116150105314,
            10.849670824973145,
            10.841855725084315,
            11.405678650044138
          ],
          "delta_samples": [
            8.027610925091722,
            8.164821862737881,
            8.706169262404728,
            8.104752074905264,
            8.10464271253295,
            8.228771874928498,
            9.068106237464235
          ]
        },
        "pairs": [
          {
            "repeat": 0,
            "ref_first": true,
            "ref_ms": 18.756541662514792,
            "variant_ms": 10.72893073742307,
            "delta_ms": 8.027610925091722
          },
          {
            "repeat": 1,
            "ref_first": false,
            "ref_ms": 18.97537082513736,
            "variant_ms": 10.81054896239948,
            "delta_ms": 8.164821862737881
          },
          {
            "repeat": 2,
            "ref_first": true,
            "ref_ms": 19.443905200023437,
            "variant_ms": 10.737735937618709,
            "delta_ms": 8.706169262404728
          },
          {
            "repeat": 3,
            "ref_first": false,
            "ref_ms": 18.869868225010578,
            "variant_ms": 10.765116150105314,
            "delta_ms": 8.104752074905264
          },
          {
            "repeat": 4,
            "ref_first": true,
            "ref_ms": 18.954313537506096,
            "variant_ms": 10.849670824973145,
            "delta_ms": 8.10464271253295
          },
          {
            "repeat": 5,
            "ref_first": false,
            "ref_ms": 19.070627600012813,
            "variant_ms": 10.841855725084315,
            "delta_ms": 8.228771874928498
          },
          {
            "repeat": 6,
            "ref_first": true,
            "ref_ms": 20.473784887508373,
            "variant_ms": 11.405678650044138,
            "delta_ms": 9.068106237464235
          }
        ],
        "iso_activation_before": {
          "iso_layers": 10,
          "total_layers": 40,
          "flags": {
            "head_dim": 256,
            "bit_width": 3,
            "fused_encode": false,
            "fused_metal_ok": null,
            "supports_fused": true,
            "cache_mode": "concat_append",
            "use_metal_runtime": false
          }
        },
        "iso_activation_after": {
          "fused_encode_after": false,
          "fused_metal_ok_after": true,
          "fallback_after": false
        },
        "default_activation_before": {
          "iso_layers": 0,
          "total_layers": 40,
          "flags": {}
        },
        "default_activation_after": {}
      }
    },
    {
      "T": 8192,
      "production": {
        "combined": {
          "label": "FUSED_ENCODE=1 + prealloc",
          "signal": "outlier",
          "stats": {
            "delta_median": 2.1448937499371823,