{
  "shape": {
    "kv_lora_rank": 512,
    "qk_rope_head_dim": 64,
    "num_query_heads": 64,
    "bits": 3
  },
  "decode_steps": 20,
  "warmup": 3,
  "runs": [
    {
      "T_start": 32,
      "T_end": 52,
      "fused_flag": "0",
      "decode_steps": 20,
      "times_ms": [
        0.980499986326322,
        0.958791992161423,
        0.8788330014795065,
        0.9928750223480165,
        0.9993339772336185,
        0.7055000169202685,
        0.6904579931870103,
        0.9878749842755497,
        1.1154579988215119,
        1.0268329933751374,
        0.6043329776730388,
        0.6111669936217368,
        0.6813340005464852,
        0.5797499907203019,
        0.6344169960357249,
        0.5945409939158708,
        0.5625420017167926,
        0.6258749926928431,
        0.649665977107361,
        0.9315420174971223
      ],
      "median_ms": 0.6979790050536394,
      "mean_ms": 0.7905812453827821,
      "std_ms": 0.18427421765406787,
      "p25_ms": 0.6221979929250665,
      "p75_ms": 0.9823437358136289,
      "min_ms": 0.5625420017167926,
      "max_ms": 1.1154579988215119,
      "label": "3-kernel (NPT16=0)"
    },
    {
      "T_start": 32,
      "T_end": 52,
      "fused_flag": "1",
      "decode_steps": 20,
      "times_ms": [
        0.8282920171041042,
        0.8657079888507724,
        0.8343750087078661,
        0.827416981337592,
        0.8575000101700425,
        0.6111249967943877,
        0.5915829970035702,
        0.564334011869505,
        0.9241249936167151,
        0.557082996238023,
        0.583833985729143,
        0.6189999985508621,
        0.5892499757464975,
        0.5975830135867,
        0.6305830029305071,
        0.5584160098806024,
        0.7207080197986215,
        0.6007499760016799,
        0.614249991485849,
        0.6040420266799629
      ],
      "median_ms": 0.6126874941401184,
      "mean_ms": 0.6789979001041502,
      "std_ms": 0.1219477831073799,
      "p25_ms": 0.590999741689302,
      "p75_ms": 0.82763574027922,
      "min_ms": 0.557082996238023,
      "max_ms": 0.9241249936167151,
      "label": "single-pass (NPT16=1)"
    },
    {
      "T_start": 256,
      "T_end": 276,
      "fused_flag": "0",
      "decode_steps": 20,
      "times_ms": [
        1.1019160156138241,
        1.2376670201774687,
        1.3727080076932907,
        0.8793339948169887,
        1.0054580052383244,
        0.7749999931547791,
        0.9280419908463955,
        0.8970409980975091,
        1.0227079910691828,
        1.2963330082129687,
        0.9619579941499978,
        1.0027920070569962,
        0.8792500011622906,
        0.7302909798454493,
        0.9173330035991967,
        0.907458015717566,
        0.9648750128690153,
        0.9555410069879144,
        0.44316600542515516,
        0.3369170008227229
      ],
      "median_ms": 0.941791498917155,
      "mean_ms": 0.9307894026278518,
      "std_ms": 0.23837302594344223,
      "p25_ms": 0.8793129964033142,
      "p75_ms": 1.009770501696039,
      "min_ms": 0.3369170008227229,
      "max_ms": 1.3727080076932907,
      "label": "3-kernel (NPT16=0)"
    },
    {
      "T_start": 256,
      "T_end": 276,
      "fused_flag": "1",
      "decode_steps": 20,
      "times_ms": [
        0.9141250047832727,
        1.1736669985111803,
        0.7654170040041208,
        0.9636250033508986,
        1.2502919998951256,
        1.0586669959593564,
        1.0090830037370324,
        0.887542002601549,
        0.9464579925406724,
        0.8004999835975468,
        0.83683300181292,
        0.9522500040475279,
        1.1913329944945872,
        0.904916989384219,
        0.8080000116024166,
        0.93816700973548,
        0.7991250022314489,
        0.7721250003669411,
        0.9003340092021972,
        0.9407920006196946
      ],
      "median_ms": 0.9261460072593763,
      "mean_ms": 0.9406626006239094,
      "std_ms": 0.13526073849630874,
      "p25_ms": 0.8296247542602941,
      "p75_ms": 0.9749895034474321,
      "min_ms": 0.7654170040041208,
      "max_ms": 1.2502919998951256,
      "label": "single-pass (NPT16=1)"
    },
    {
      "T_start": 1024,
      "T_end": 1044,
      "fused_flag": "0",
      "decode_steps": 20,
      "times_ms": [
        1.5062919992487878,
        1.3249169860500842,
        1.440291991457343,
        1.4140839921310544,
        1.275457994779572,
        1.2676669866777956,
        1.8572080007288605,
        1.3862079940736294,
        1.5610000118613243,
        1.439166022464633,
        1.3339589932002127,
        1.4122499851509929,
        1.3480420166160911,
        0.6660830113105476,
        0.813000020571053,
        0.5039999959990382,
        0.4902909859083593,
        0.47920801443979144,
        0.5864579870831221,
        0.5161660083103925
      ],
      "median_ms": 1.3294379896251485,
      "mean_ms": 1.1310874499031343,
      "std_ms": 0.4274258353314414,
      "p25_ms": 0.6461767552536912,
      "p75_ms": 1.420354499714449,
      "min_ms": 0.47920801443979144,
      "max_ms": 1.8572080007288605,
      "label": "3-kernel (NPT16=0)"
    },
    {
      "T_start": 1024,
      "T_end": 1044,
      "fused_flag": "1",
      "decode_steps": 20,
      "times_ms": [
        1.5757500077597797,
        1.5963749901857227,
        1.3626249856315553,
        1.3644169957842678,
        1.2626250099856406,
        1.6956250183284283,
        0.6049160147085786,
        0.47958301729522645,
        0.45958301052451134,
        0.45829100417904556,
        0.4700410063378513,
        0.45083300210535526,
        0.5066669837106019,
        0.4782909818459302,
        0.5199160077609122,
        0.4992090107407421,
        0.5664160125888884,
        0.4648749891202897,
        0.5133340018801391,
        0.5052910128142685
      ],
      "median_ms": 0.5100004927953705,
      "mean_ms": 0.7917331531643867,
      "std_ms": 0.45740803569294475,
      "p25_ms": 0.4762284879689105,
      "p75_ms": 1.2876250038971193,
      "min_ms": 0.45083300210535526,
      "max_ms": 1.6956250183284283,
      "label": "single-pass (NPT16=1)"
    },
    {
      "T_start": 4096,
      "T_end": 4116,
      "fused_flag": "0",
      "decode_steps": 20,
      "times_ms": [
        3.5943330149166286,
        1.5509160002693534,
        1.027250022161752,
        1.6112079902086407,
        1.4119590050540864,
        1.5730829909443855,
        1.912249979795888,
        1.6709160117898136,
        0.9567500092089176,
        1.0823339980561286,
        0.9605409868527204,
        1.3700420095119625,
        1.0475839953869581,
        0.9017080010380596,
        1.9388750079087913,
        1.026500016450882,
        1.0209580068476498,
        0.9640000062063336,
        0.9925829945132136,
        0.9661249932833016
      ],
      "median_ms": 1.0649589967215434,
      "mean_ms": 1.3789957520202734,
      "std_ms": 0.6066418408197217,
      "p25_ms": 0.9859684942057356,
      "p75_ms": 1.5826142407604493,
      "min_ms": 0.9017080010380596,
      "max_ms": 3.5943330149166286,
      "label": "3-kernel (NPT16=0)"
    },
    {
      "T_start": 4096,
      "T_end": 4116,
      "fused_flag": "1",
      "decode_steps": 20,
      "times_ms": [
        3.321750002214685,
        1.9688339962158352,
        0.9590419940650463,
        1.5688750136177987,
        1.6778330027591437,
        1.525624975329265,
        0.9688750142231584,
        0.9247499983757734,
        1.6298340051434934,
        1.0774160036817193,
        1.0116249904967844,
        0.9709580044727772,
        1.7849169962573797,
        1.0590409801807255,
        0.9304170089308172,
        1.0096249752677977,
        1.53945799684152,
        1.0785000049509108,
        1.0887499956879765,
        0.9757090010680258
      ],
      "median_ms": 1.077958004316315,
      "mean_ms": 1.3535916979890317,
      "std_ms": 0.5581267290974549,
      "p25_ms": 0.9745212519192137,
      "p75_ms": 1.5841147614992224,
      "min_ms": 0.9247499983757734,
      "max_ms": 3.321750002214685,