{
  "runs": [
    {
      "fused_flag": "0",
      "step_times_ms": [
        5845.953666022979,
        5772.641249990556,
        5688.172875001328,
        4885.645458009094,
        7886.361959011992,
        7257.10208399687,
        2849.404709006194,
        6444.150708004599,
        3808.6039159970824,
        1566.4364999975078,
        2396.968167013256,
        1562.5133749854285,
        1645.1162089942954,
        1735.7494159950875,
        4893.2308749936055,
        3563.9752080023754,
        1690.383249981096,
        1757.5239579891786,
        1976.0006249998696,
        6155.9062089945655
      ],
      "median_ms": 3686.289561999729,
      "mean_ms": 3969.092020849348,
      "std_ms": 2102.5341082348486,
      "p25_ms": 1752.0803224906558,
      "p75_ms": 5790.969353998662,
      "min_ms": 1562.5133749854285,
      "max_ms": 7886.361959011992,
      "tok_per_s": 0.27127548804319174,
      "expert_cache_stats": {
        "hits": 8493,
        "misses": 1107,
        "evictions": 506,
        "hit_rate": 0.8846875,
        "prefill_hits": 0,
        "prefill_misses": 0,
        "prefill_hit_rate": 0.0,
        "decode_hits": 8493,
        "decode_misses": 1107,
        "decode_hit_rate": 0.8846875,
        "avg_load_ms": 4.276684052025892,
        "load_count": 1107,
        "load_time_ms_total": 4734.289245592663,
        "resident_slots": 2000,
        "prefill_gather_calls": 0,
        "decode_gather_calls": 1200,
        "prefetch_requests": 0,
        "prefetch_already_cached": 0
      },
      "fused_latent_layers": 59,
      "label": "unfused"
    },
    {
      "fused_flag": "1",
      "step_times_ms": [
        2910.3600830130745,
        1809.2179159866646,
        1885.9194999968167,
        4612.835875013843,
        6498.251208016882,
        4535.613500018371,
        4750.565291993553,
        2420.173833001172,
        1810.6704580131918,
        1733.2722499850206,
        6243.451542017283,
        3264.316083979793,
        1890.441583993379,
        2317.042249982478,
        3641.582999989623,
        5700.528458983172,
        1708.799749991158,
        1895.9536670008674,
        1902.2615000139922,
        2037.9532090155408
      ],
      "median_ms": 2368.608041491825,
      "mean_ms": 3178.460548000294,
      "std_ms": 1591.4718875568835,
      "p25_ms": 1889.3110629942385,
      "p75_ms": 4554.919093767239,
      "min_ms": 1708.799749991158,
      "max_ms": 6498.251208016882,
      "tok_per_s": 0.42218889004960397,
      "expert_cache_stats": {
        "hits": 8633,
        "misses": 967,
        "evictions": 967,
        "hit_rate": 0.8992708333333334,
        "prefill_hits": 0,
        "prefill_misses": 0,
        "prefill_hit_rate": 0.0,
        "decode_hits": 8633,
        "decode_misses": 967,
        "decode_hit_rate": 0.8992708333333334,
        "avg_load_ms": 4.5289631177598535,
        "load_count": 967,
        "load_time_ms_total": 4379.507334873779,
        "resident_slots": 2000,
        "prefill_gather_calls": 0,
        "decode_gather_calls": 1200,
        "prefetch_requests": 0,
        "prefetch_already_cached": 0
      },
      "fused_latent_layers": 59,
      "label": "fused"
    }
  ],
  "timestamp": "2026-04-29T20:10:06Z",
  "model": "/Volumes/Samsung9904tb/Kimi-K2.6",
  "max_resident_experts": 2000,
  "prompt_tokens": 32,
  "decode_steps": 20,
  "summary": {
    "unfused_median_ms": 3686.289561999729,
    "fused_median_ms": 2368.608041491825,
    "delta_ms": -1317.6815205079038,
    "unfused_tok_s": 0.27127548804319174,
    "fused_tok_s": 0.42218889004960397,
    "fused_latent_layers": 59
  }
}