{
  "runs": [
    {
      "fused_flag": "0",
      "step_times_ms": [
        4734.435374994064,
        5477.331166999647,
        4938.7084580084775,
        5756.056957994588,
        7791.535124997608,
        6070.982375007588,
        1882.6594999991357,
        6023.780000017723,
        2685.6698330084328,
        1527.7427920082118,
        2283.937041996978,
        4930.898165999679,
        3764.707916008774,
        1576.454416004708,
        1758.5957080009393,
        1709.8335420014337,
        2627.5747079926077,
        2663.55866700178,
        1710.6888749985956,
        1851.4007090125233
      ],
      "median_ms": 2674.6142500051064,
      "mean_ms": 3588.327566602675,
      "std_ms": 1896.2668117807848,
      "p25_ms": 1828.1994587596273,
      "p75_ms": 5073.36413525627,
      "min_ms": 1527.7427920082118,
      "max_ms": 7791.535124997608,
      "tok_per_s": 0.3738856921135789,
      "expert_cache_stats": {
        "hits": 8493,
        "misses": 1107,
        "evictions": 506,
        "hit_rate": 0.8846875,
        "prefill_hits": 0,
        "prefill_misses": 0,
        "prefill_hit_rate": 0.0,
        "decode_hits": 8493,
        "decode_misses": 1107,
        "decode_hit_rate": 0.8846875,
        "avg_load_ms": 4.409988454387203,
        "load_count": 1107,
        "load_time_ms_total": 4881.857219006633,
        "resident_slots": 2000,
        "prefill_gather_calls": 0,
        "decode_gather_calls": 1200,
        "prefetch_requests": 0,
        "prefetch_already_cached": 0
      },
      "fused_latent_layers": 59,
      "label": "unfused"
    },
    {
      "fused_flag": "1",
      "step_times_ms": [
        2997.2908750060014,
        1845.431459019892,
        3052.3465419828426,
        4830.9650419978425,
        6746.740582981147,
        3935.897457995452,
        6147.691124991979,
        2624.9334159947466,
        1850.8714160125237,
        1705.7677079865243,
        6194.047375000082,
        3996.056125004543,
        1845.4229999915697,
        1763.0721669993363,
        6509.176958003081,
        2960.0767499941867,
        1852.192374994047,
        1878.2963329867925,
        2706.952624983387,
        6473.321792000206
      ],
      "median_ms": 2978.683812500094,
      "mean_ms": 3595.827556196309,
      "std_ms": 1825.4407801683305,
      "p25_ms": 1851.8621352486662,
      "p75_ms": 5160.146562746377,
      "min_ms": 1705.7677079865243,
      "max_ms": 6746.740582981147,
      "tok_per_s": 0.33571874792600814,
      "expert_cache_stats": {
        "hits": 8633,
        "misses": 967,
        "evictions": 967,
        "hit_rate": 0.8992708333333334,
        "prefill_hits": 0,
        "prefill_misses": 0,
        "prefill_hit_rate": 0.0,
        "decode_hits": 8633,
        "decode_misses": 967,
        "decode_hit_rate": 0.8992708333333334,
        "avg_load_ms": 4.766394975551837,
        "load_count": 967,
        "load_time_ms_total": 4609.103941358626,
        "resident_slots": 2000,
        "prefill_gather_calls": 0,
        "decode_gather_calls": 1200,
        "prefetch_requests": 0,
        "prefetch_already_cached": 0
      },
      "fused_latent_layers": 59,
      "label": "fused"
    }
  ],
  "timestamp": "2026-04-29T19:52:14Z",
  "model": "/Volumes/Samsung9904tb/Kimi-K2.6",
  "max_resident_experts": 2000,
  "prompt_tokens": 32,
  "decode_steps": 20,
  "summary": {
    "unfused_median_ms": 2674.6142500051064,
    "fused_median_ms": 2978.683812500094,
    "delta_ms": 304.0695624949876,
    "unfused_tok_s": 0.3738856921135789,
    "fused_tok_s": 0.33571874792600814,
    "fused_latent_layers": 59
  }
}