{
  "timestamp": "2026-05-01T13:49:54Z",
  "model": "/Volumes/Samsung9904tb/Kimi-K2.6",
  "max_resident_experts": 200,
  "prompt_tokens": 32,
  "warmup": 30,
  "decode_steps": 30,
  "cliques_file": "artifacts/kimi_k26_cliques/kimi_cliques.json",
  "arms_requested": [
    "L0",
    "L4",
    "L5",
    "L6"
  ],
  "arms": {
    "L0": {
      "config": {
        "cache_type": "default",
        "npt16": "0",
        "use_dedekimi_observer": false,
        "use_predictor": false,
        "use_cliques": false
      },
      "step_times_ms": [
        1185.8891249867156,
        1423.5502500087023,
        1194.2107080249116,
        1129.7012499999255,
        1134.0595000074245,
        981.8555410020053,
        1046.6357500408776,
        997.3444999777712,
        1094.207332993392,
        1094.2352089914493,
        998.6253330134787,
        1178.257042018231,
        1283.49437500583,
        1283.1776249804534,
        1142.7338750218041,
        988.6837919475511,
        1007.4127920088358,
        957.0278340252116,
        1056.3960839645006,
        1048.5753750544973,
        1093.6457500210963,
        1044.9771250132471,
        982.7142910216935,
        1016.0905829980038,
        964.3953750492074,
        1049.8849580180831,
        1041.0910419886932,
        992.4612090107985,
        1023.9056659629568,
        993.6037909938022
      ],
      "median_ms": 1047.6055625476874,
      "mean_ms": 1080.9614361050383,
      "std_ms": 107.67673831734241,
      "min_ms": 957.0278340252116,
      "max_ms": 1423.5502500087023,
      "tok_per_s": 0.9545577417211162,
      "expert_stats": {
        "hits": 0,
        "misses": 14400,
        "evictions": 14400,
        "hit_rate": 0.0,
        "prefill_hits": 0,
        "prefill_misses": 0,
        "prefill_hit_rate": 0.0,
        "decode_hits": 0,
        "decode_misses": 14400,
        "decode_hit_rate": 0.0,
        "avg_load_ms": 0.8843863917516299,
        "load_count": 14400,
        "load_time_ms_total": 12735.16404122347,
        "resident_slots": 200,
        "prefill_gather_calls": 0,
        "decode_gather_calls": 1800,
        "prefetch_requests": 0,
        "prefetch_already_cached": 0
      }
    },
    "L4": {
      "config": {
        "cache_type": "default",
        "npt16": "0",
        "use_dedekimi_observer": true,
        "use_predictor": false,
        "use_cliques": true
      },
      "step_times_ms": [
        1351.632250007242,
        1411.4411670016125,
        1320.0571250054054,
        1232.273624977097,
        1120.4770000185817,
        1096.6813750565052,
        1038.3681660168804,
        1126.6752500087023,
        1050.6005840143189,
        1079.1273749782704,
        1129.0206250268966,
        1328.3543750294484,
        1366.42470798688,
        1287.5532500329427,
        1178.6361670237966,
        1034.3098330195062,
        996.2490829639137,
        1034.5711249974556,
        998.7396249780431,
        1180.4544579936191,
        1244.0818329923786,
        1155.053292051889,
        1132.9385000281036,
        1055.6945410207845,
        1063.1038750289008,
        1049.95041602524,
        988.8942079851404,
        1087.8848749562167,
        1045.7376670092344,
        995.5706250038929
      ],
      "median_ms": 1108.5791875375435,
      "mean_ms": 1139.3518999412966,
      "std_ms": 121.93682987389965,
      "min_ms": 988.8942079851404,
      "max_ms": 1411.4411670016125,
      "tok_per_s": 0.9020555421225908,
      "expert_stats": {
        "hits": 0,
        "misses": 14400,
        "evictions": 14400,
        "hit_rate": 0.0,
        "prefill_hits": 0,
        "prefill_misses": 0,
        "prefill_hit_rate": 0.0,
        "decode_hits": 0,
        "decode_misses": 14400,
        "decode_hit_rate": 0.0,
        "avg_load_ms": 0.9186242241089025,
        "load_count": 14400,
        "load_time_ms_total": 13228.188827168196,
        "resident_slots": 200,
        "prefill_gather_calls": 0,
        "decode_gather_calls": 1800,
        "prefetch_requests": 1920,
        "prefetch_already_cached": 688
      }
    },
    "L5": {
      "config": {
        "cache_type": "default",
        "npt16": "0",
        "use_dedekimi_observer": true,
        "use_predictor": true,
        "use_cliques": true
      },
      "step_times_ms": [
        1801.5515000442974,
        1837.3008749913424,
        1563.6905410210602,
        1732.7345829689875,
        1620.6576659460552,
        1681.3937909901142,
        1683.247915992979,
        1686.0624169930816,
        1610.703083977569,
        1650.6697080330923,
        1733.7550410302356,
        1768.6661669868045,
        1672.841708001215,
        1743.4904159745201,
        1604.460750008002,
        1620.2681670547463,
        1678.7068749545142,
        1682.5382500537671,
        1653.5327919991687,
        1808.6062499787658,
        1646.1312909959815,
        1776.094375003595,
        1657.2547079995275,
        1623.6697499989532,
        1640.887624991592,
        1602.182082948275,
        1637.2295829933137,
        1736.867415951565,
        1661.4679169724695,
        1701.2032080092467
      ],
      "median_ms": 1675.7742914778646,
      "mean_ms": 1683.9288817621612,
      "std_ms": 66.69989758967533,
      "min_ms": 1563.6905410210602,
      "max_ms": 1837.3008749913424,
      "tok_per_s": 0.596739074638805,
      "expert_stats": {
        "hits": 3210,
        "misses": 11190,
        "evictions": 14790,
        "hit_rate": 0.22291666666666668,
        "prefill_hits": 0,
        "prefill_misses": 0,
        "prefill_hit_rate": 0.0,
        "decode_hits": 3210,
        "decode_misses": 11190,
        "decode_hit_rate": 0.22291666666666668,
        "avg_load_ms": 2.4757739321780194,
        "load_count": 14790,
        "load_time_ms_total": 36616.696456912905,
        "resident_slots": 200,
        "prefill_gather_calls": 0,
        "decode_gather_calls": 1800,
        "prefetch_requests": 9240,
        "prefetch_already_cached": 688
      }
    },
    "L6": {
      "config": {
        "cache_type": "default",
        "npt16": "0",
        "use_dedekimi_observer": true,
        "use_predictor": true,
        "use_cliques": false
      },
      "step_times_ms": [
        1784.9072499666363,
        1802.736665995326,
        1784.1087499982677,
        1616.528249986004,
        1606.3657909980975,
        1689.1836669528857,
        1666.7097079916857,
        1665.1112079853192,
        1690.9678329830058,
        1656.6495410515927,
        1661.947583022993,
        1800.4098330275156,
        1704.7280840342864,
        1605.6481669656932,
        1714.5204580156133,
        1616.158084012568,
        1695.4922909499146,
        1673.7647909903899,
        1652.1090409951285,
        1824.7965830378234,
        1647.6152089890093,
        1656.4346249797381,
        1696.7534159775823,
        1653.1039999681525,
        1724.3013749830425,
        1681.3141659949906,
        1590.3690420091152,
        1705.8199169696309,
        1690.6213749898598,
        1671.2671669665724
      ],
      "median_ms": 1677.5394784926903,
      "mean_ms": 1687.6814623596147,
      "std_ms": 59.84800303216747,
      "min_ms": 1590.3690420091152,
      "max_ms": 1824.7965830378234,
      "tok_per_s": 0.5961111573353398,
      "expert_stats": {
        "hits": 3210,
        "misses": 11190,
        "evictions": 14790,
        "hit_rate": 0.22291666666666668,
        "prefill_hits": 0,
        "prefill_misses": 0,
        "prefill_hit_rate": 0.0,
        "decode_hits": 3210,
        "decode_misses": 11190,
        "decode_hit_rate": 0.22291666666666668,
        "avg_load_ms": 2.572006599465511,
        "load_count": 14790,
        "load_time_ms_total": 38039.97760609491,
        "resident_slots": 200,
        "prefill_gather_calls": 0,
        "decode_gather_calls": 1800,
        "prefetch_requests": 7320,
        "prefetch_already_cached": 0
      }
    }
  },