{
  "timestamp": "2026-05-01T13:20:59Z",
  "model": "/Volumes/Samsung9904tb/Kimi-K2.6",
  "max_resident_experts": 200,
  "prompt_tokens": 32,
  "warmup": 30,
  "decode_steps": 30,
  "cliques_file": null,
  "arms_requested": [
    "L0",
    "L3",
    "L6"
  ],
  "arms": {
    "L0": {
      "config": {
        "cache_type": "default",
        "npt16": "0",
        "use_dedekimi_observer": false,
        "use_predictor": false,
        "use_cliques": false
      },
      "step_times_ms": [
        7013.806749950163,
        7172.148708021268,
        6964.563791989349,
        6598.505666013807,
        6781.457916949876,
        6954.558750032447,
        7555.836416024249,
        6682.979749981314,
        7608.367916021962,
        7104.891584021971,
        6861.47462495137,
        7362.1984999626875,
        7265.548374969512,
        7134.112667001318,
        7336.19441697374,
        7036.665375053417,
        7260.74008399155,
        7156.357708037831,
        7230.6391669553705,
        7301.226332958322,
        7380.666124983691,
        7188.501917000394,
        6888.412667030934,
        7129.667958011851,
        6847.518832946662,
        7011.610708024818,
        6972.630042000674,
        6838.325749966316,
        7382.7770840143785,
        6411.163583048619
      ],
      "median_ms": 7117.279771016911,
      "mean_ms": 7081.118305562995,
      "std_ms": 269.45061305982216,
      "min_ms": 6411.163583048619,
      "max_ms": 7608.367916021962,
      "tok_per_s": 0.14050311806938015,
      "expert_stats": {
        "hits": 0,
        "misses": 14400,
        "evictions": 14400,
        "hit_rate": 0.0,
        "prefill_hits": 0,
        "prefill_misses": 0,
        "prefill_hit_rate": 0.0,
        "decode_hits": 0,
        "decode_misses": 14400,
        "decode_hit_rate": 0.0,
        "avg_load_ms": 0.9572262953548084,
        "load_count": 14400,
        "load_time_ms_total": 13784.058653109241,
        "resident_slots": 200,
        "prefill_gather_calls": 0,
        "decode_gather_calls": 1800,
        "prefetch_requests": 0,
        "prefetch_already_cached": 0
      }
    },
    "L3": {
      "config": {
        "cache_type": "default",
        "npt16": "0",
        "use_dedekimi_observer": true,
        "use_predictor": false,
        "use_cliques": false
      },
      "step_times_ms": [
        11222.406165965367,
        11717.759333027061,
        10450.133125006687,
        11990.020165976603,
        12558.941291004885,
        11407.103583042044,
        10983.441082993522,
        11591.316707956139,
        10090.900208975654,
        11166.012125031557,
        12448.402041976806,
        11802.512791997287,
        11441.645790997427,
        10980.763166968245,
        12184.563499991782,
        10503.031125001144,
        12415.885541005991,
        12265.967832994647,
        12242.582082981244,
        11392.292541975621,
        11388.84945801692,
        10594.982833019458,
        12238.413916958962,
        13403.098832990509,
        11974.557582987472,
        11553.329374990426,
        12093.17445801571,
        10077.966708049644,
        12145.575541013386,
        13088.346707983874
      ],
      "median_ms": 11654.5380204916,
      "mean_ms": 11647.13252062987,
      "std_ms": 807.7735414144992,
      "min_ms": 10077.966708049644,
      "max_ms": 13403.098832990509,
      "tok_per_s": 0.08580348686852703,
      "expert_stats": {
        "hits": 0,
        "misses": 14400,
        "evictions": 14400,
        "hit_rate": 0.0,
        "prefill_hits": 0,
        "prefill_misses": 0,
        "prefill_hit_rate": 0.0,
        "decode_hits": 0,
        "decode_misses": 14400,
        "decode_hit_rate": 0.0,
        "avg_load_ms": 1.0463908638767963,
        "load_count": 14400,
        "load_time_ms_total": 15068.028439825866,
        "resident_slots": 200,
        "prefill_gather_calls": 0,
        "decode_gather_calls": 1800,
        "prefetch_requests": 0,
        "prefetch_already_cached": 0
      }
    },
    "L6": {
      "config": {
        "cache_type": "default",
        "npt16": "0",
        "use_dedekimi_observer": true,
        "use_predictor": true,
        "use_cliques": false
      },
      "step_times_ms": [
        2062.32991698198,
        2875.9862080332823,
        2571.767082961742,
        2084.831790998578,
        2217.002750025131,
        1892.137500050012,
        2208.5874999756925,
        2165.8787920023315,
        2346.219624974765,
        2086.6908750031143,
        2430.112750036642,
        4806.950375030283,
        9638.149958045688,
        10732.38737497013,
        11369.31233300129,
        10583.238459017593,
        10164.040874980856,
        8507.57670798339,
        11668.158125015907,
        12092.588125029579,
        12103.068458032794,
        12874.654249986634,
        12045.28762504924,
        13867.4501250498,
        5517.700083961245,
        2061.826666991692,
        1968.108333996497,
        1935.785124951508,
        1902.8386659920216,
        2060.586625011638
      ],
      "median_ms": 2723.876645497512,
      "mean_ms": 6028.041769438035,
      "std_ms": 4462.91777435471,
      "min_ms": 1892.137500050012,
      "max_ms": 13867.4501250498,
      "tok_per_s": 0.3671238202555797,
      "expert_stats": {
        "hits": 3210,
        "misses": 11190,
        "evictions": 14790,
        "hit_rate": 0.22291666666666668,
        "prefill_hits": 0,
        "prefill_misses": 0,
        "prefill_hit_rate": 0.0,
        "decode_hits": 3210,
        "decode_misses": 11190,
        "decode_hit_rate": 0.22291666666666668,
        "avg_load_ms": 2.8196098483846086,
        "load_count": 14790,
        "load_time_ms_total": 41702.029657608364,
        "resident_slots": 200,
        "prefill_gather_calls": 0,
        "decode_gather_calls": 1800,
        "prefetch_requests": 7320,
        "prefetch_already_cached": 0
      }
    }
  },
  "deltas": {
    "L6_vs_L0": {
      "step_ms_delta": -4393.403125519399,
      "median_ms_pct_delta": -61.72868380712359,
      "tok_per_s_delta": 0.22662070218619956,
      "decode_hit_rate_delta": 0.22291666666666668,
      "load_count_delta": 390,
      "load_time_ms_total_delta": 27917.971004499123
    }
  }
}