{
  "timestamp": "2026-05-01T13:17:29Z",
  "model": "/Volumes/Samsung9904tb/Kimi-K2.6",
  "max_resident_experts": 200,
  "prompt_tokens": 32,
  "warmup": 30,
  "decode_steps": 30,
  "cliques_file": null,
  "arms_requested": [
    "L0",
    "L1",
    "L2",
    "L3",
    "L6"
  ],
  "arms": {
    "L0": {
      "config": {
        "cache_type": "default",
        "npt16": "0",
        "use_dedekimi_observer": false,
        "use_predictor": false,
        "use_cliques": false
      },
      "step_times_ms": [
        1132.1475000004284,
        1339.690166991204,
        1223.9125419873744,
        1026.371791958809,
        1009.247540961951,
        963.7832919834182,
        1067.4793329671957,
        1050.319165980909,
        1001.972374971956,
        1040.3729160316288,
        1063.7307500001043,
        1176.8342910218053,
        1173.304832947906,
        1071.234499977436,
        1048.4588329563849,
        1042.7320000017062,
        1036.3087499863468,
        1029.4634999590926,
        974.5264170342125,
        1089.632916962728,
        1016.936625004746,
        1095.821375027299,
        1081.9326249766164,
        1056.4800419961102,
        1035.8468749909662,
        980.1601250073873,
        1036.8727919994853,
        985.4659159900621,
        1032.111041015014,
        1014.3249580287375
      ],
      "median_ms": 1041.5524580166675,
      "mean_ms": 1063.2491929573007,
      "std_ms": 78.13007280447785,
      "min_ms": 963.7832919834182,
      "max_ms": 1339.690166991204,
      "tok_per_s": 0.960105266233261,
      "expert_stats": {
        "hits": 0,
        "misses": 14400,
        "evictions": 14400,
        "hit_rate": 0.0,
        "prefill_hits": 0,
        "prefill_misses": 0,
        "prefill_hit_rate": 0.0,
        "decode_hits": 0,
        "decode_misses": 14400,
        "decode_hit_rate": 0.0,
        "avg_load_ms": 0.9394958909938901,
        "load_count": 14400,
        "load_time_ms_total": 13528.740830312017,
        "resident_slots": 200,
        "prefill_gather_calls": 0,
        "decode_gather_calls": 1800,
        "prefetch_requests": 0,
        "prefetch_already_cached": 0
      }
    },
    "L1": {
      "config": {
        "cache_type": "isoquant",
        "npt16": "0",
        "use_dedekimi_observer": false,
        "use_predictor": false,
        "use_cliques": false
      },
      "step_times_ms": [
        1662.0015420485288,
        1501.5779579989612,
        1532.0391670102254,
        1431.2544999993406,
        1462.2115829843096,
        1542.757916962728,
        1483.1277080229484,
        1559.2432499979623,
        1493.4528750018217,
        1593.305333983153,
        1483.0077500082552,
        1698.2131670229137,
        1551.6167500172742,
        1516.9986669789068,
        1551.7636659787968,
        1545.7389170187525,
        1691.9712499948218,
        1640.2171660447493,
        1644.608833012171,
        1996.6125420178287,
        1474.8710840358399,
        1538.8308750116266,
        1477.4813340045512,
        1526.431541016791,
        1537.911958002951,
        1462.1950419968925,
        1510.3327079559676,
        1424.8450000304729,
        1596.3691669749096,
        1699.1102079628035
      ],
      "median_ms": 1538.3714165072888,
      "mean_ms": 1561.0033153032418,
      "std_ms": 110.81616714930692,
      "min_ms": 1424.8450000304729,
      "max_ms": 1996.6125420178287,
      "tok_per_s": 0.6500380787562963,
      "expert_stats": {
        "hits": 0,
        "misses": 14400,
        "evictions": 14400,
        "hit_rate": 0.0,
        "prefill_hits": 0,
        "prefill_misses": 0,
        "prefill_hit_rate": 0.0,
        "decode_hits": 0,
        "decode_misses": 14400,
        "decode_hit_rate": 0.0,
        "avg_load_ms": 1.0149594549915895,
        "load_count": 14400,
        "load_time_ms_total": 14615.41615187889,
        "resident_slots": 200,
        "prefill_gather_calls": 0,
        "decode_gather_calls": 1800,
        "prefetch_requests": 0,
        "prefetch_already_cached": 0
      }
    },
    "L2": {
      "config": {
        "cache_type": "isoquant",
        "npt16": "1",
        "use_dedekimi_observer": false,
        "use_predictor": false,
        "use_cliques": false
      },
      "step_times_ms": [
        2281.707792019006,
        1862.1710420120507,
        2496.894208015874,
        2045.8887089625932,
        2319.1822079825215,
        1792.5541250151582,
        1767.5222089746967,
        2323.040666989982,
        1650.2045000088401,
        1741.4822919527069,
        1824.746334052179,
        2187.396000023,
        1767.9209589841776,
        1578.7231249851175,
        2520.767916983459,
        1589.117209019605,
        1556.113375001587,
        1781.6330830100924,
        1982.6539579662494,
        1824.9045829870738,
        1499.3366670096293,
        1902.3696670192294,
        1662.6010839827359,
        1606.8480419926345,
        1884.3450829735957,
        1655.794958001934,
        1587.8876670030877,
        1583.108207967598,
        1658.2829999970272,
        1619.9767920188606
      ],
      "median_ms": 1774.777020997135,
      "mean_ms": 1851.8391820970767,
      "std_ms": 286.3252627968931,
      "min_ms": 1499.3366670096293,
      "max_ms": 2520.767916983459,
      "tok_per_s": 0.5634510635246806,
      "expert_stats": {
        "hits": 0,
        "misses": 14400,
        "evictions": 14400,
        "hit_rate": 0.0,
        "prefill_hits": 0,
        "prefill_misses": 0,
        "prefill_hit_rate": 0.0,
        "decode_hits": 0,
        "decode_misses": 14400,
        "decode_hit_rate": 0.0,
        "avg_load_ms": 1.2609941256758046,
        "load_count": 14400,
        "load_time_ms_total": 18158.315409731586,
        "resident_slots": 200,
        "prefill_gather_calls": 0,
        "decode_gather_calls": 1800,
        "prefetch_requests": 0,
        "prefetch_already_cached": 0
      }
    },
    "L3": {
      "config": {
        "cache_type": "isoquant",
        "npt16": "1",
        "use_dedekimi_observer": true,
        "use_predictor": false,
        "use_cliques": false
      },
      "step_times_ms": [
        1690.7410830026492,
        1477.3799169925041,
        1526.9652499700896,
        1501.442875014618,
        1471.5860419673845,
        4266.191791975871,
        3688.7442090082914,
        6250.142875011079,
        5592.83029101789,
        7303.930083988234,
        7340.504874999169,
        7810.060415999033,
        7651.408415986225,
        7406.413167016581,
        9556.15741701331,
        7552.64058301691,
        7508.5978750139475,
        9018.073417013511,
        7537.375374988187,
        8182.060541992541,
        7769.432583008893,
        8275.126499996986,
        9106.80524999043,
        41105.1391660003,
        66525.33820900135,
        35386.44687499618,
        87766.68050000444,
        164061.88945798203,
        165783.25541701633,
        170352.84266696544
      ],
      "median_ms": 7602.024499501567,
      "mean_ms": 29015.540104198346,
      "std_ms": 49749.723885828455,
      "min_ms": 1471.5860419673845,
      "max_ms": 170352.84266696544,
      "tok_per_s": 0.13154390650353281,
      "expert_stats": {
        "hits": 0,
        "misses": 14400,
        "evictions": 14400,
        "hit_rate": 0.0,
        "prefill_hits": 0,
        "prefill_misses": 0,
        "prefill_hit_rate": 0.0,
        "decode_hits": 0,
        "decode_misses": 14400,
        "decode_hit_rate": 0.0,
        "avg_load_ms": 1.0246141739682773,
        "load_count": 14400,
        "load_time_ms_total": 14754.444105143193,
        "resident_slots": 200,
        "prefill_gather_calls": 0,
        "decode_gather_calls": 1800,
        "prefetch_requests": 0,
        "prefetch_already_cached": 0
      }
    },
    "L6": {
      "config": {
        "cache_type": "isoquant",
        "npt16": "1",
        "use_dedekimi_observer": true,
        "use_predictor": true,