config,num_heads,head_dim,seq_len,value_strategy,fused_host_ms,fused_gpu_ms,kernel_a_ms,kernel_b_ms,kernel_c_ms,kernel_c_gpu_ms,kernel_d_ms,stage_sum_ms
H=4 T=128 D=128,4,128,128,dim,0.782631,0.751818,0.164972,0.162234,0.24696,0.0333592,0.166061,0.740227
H=4 T=512 D=128,4,128,512,word,1.52217,1.42271,0.11835,0.112002,0.341175,0.0240029,0.116479,0.688006
H=8 T=2048 D=128,8,128,2048,dim,5.46207,5.40938,0.172091,0.159146,0.818424,0.0268113,0.142026,1.29169
