{
  "timestamp": "2026-05-06T09:21:20Z",
  "arm": "L0",
  "model": "/Volumes/Samsung9904tb/Kimi-K2.6",
  "sweep_values": [
    448,
    480,
    512,
    560,
    640,
    720,
    800
  ],
  "prompt_tokens": 32,
  "warmup": 30,
  "decode_steps": 30,
  "runs": {
    "448": {
      "config": {
        "cache_type": "default",
        "npt16": "0",
        "use_dedekimi_observer": false,
        "use_predictor": false,
        "use_cliques": false
      },
      "step_times_ms": [
        2656.8460409907857,
        4218.048041992006,
        2282.3939160007285,
        2304.478125006426,
        2048.8987499993527,
        2295.599332996062,
        2288.2422920083627,
        2198.891708001611,
        2315.53179200273,
        2020.642499992391,
        2352.417250003782,
        4145.556167000905,
        2872.6483329955954,
        2480.9059590043034,
        2359.3340829975205,
        2419.4164579967037,
        2342.6726249890635,
        2339.1550420055864,
        2448.8326250138925,
        4226.960124986363,
        4476.869750011247,
        6081.874457988306,
        6343.324499990558,
        6245.208833002835,
        6591.597374994308,
        6282.5545000087,
        6750.488709003548,
        6913.104916005977,
        7090.579124997021,
        6640.696374990512
      ],
      "median_ms": 2568.8759999975446,
      "mean_ms": 3867.792323565906,
      "std_ms": 1878.4475737538949,
      "min_ms": 2020.642499992391,
      "max_ms": 7090.579124997021,
      "tok_per_s": 0.3892753095131707,
      "expert_stats": {
        "hits": 0,
        "misses": 14400,
        "evictions": 14400,
        "hit_rate": 0.0,
        "prefill_hits": 0,
        "prefill_misses": 0,
        "prefill_hit_rate": 0.0,
        "decode_hits": 0,
        "decode_misses": 14400,
        "decode_hit_rate": 0.0,
        "avg_load_ms": 1.0311786966758518,
        "load_count": 14400,
        "load_time_ms_total": 14848.973232132266,
        "resident_slots": 448,
        "prefill_gather_calls": 0,
        "decode_gather_calls": 1800,
        "prefetch_requests": 0,
        "prefetch_already_cached": 0
      },
      "max_resident_experts": 448
    },
    "480": {
      "config": {
        "cache_type": "default",
        "npt16": "0",
        "use_dedekimi_observer": false,
        "use_predictor": false,
        "use_cliques": false
      },
      "step_times_ms": [
        2348.979667003732,
        2909.514790997491,
        1885.94141700014,
        1592.2096249996684,
        1478.2274999888614,
        1460.4854579956736,
        1592.0405829965603,
        2020.073499996215,
        2025.881333000143,
        1772.8531250031665,
        1918.8061660097446,
        2389.5083750103367,
        2276.0661659995094,
        2163.4785830101464,
        1728.302999996231,
        1738.8342089980142,
        1988.6773750040447,
        1795.6562920007855,
        1906.4931659959257,
        2369.5210830046562,
        2062.5000830041245,
        2032.4005830043461,
        1670.02862499794,
        1669.642709006439,
        1795.8782080095261,
        1910.2755409985548,
        1609.5065410045208,
        1646.0742079943884,
        1874.569249994238,
        1682.0294159988407
      ],
      "median_ms": 1880.255333497189,
      "mean_ms": 1910.4818859341322,
      "std_ms": 312.4125042797638,
      "min_ms": 1460.4854579956736,
      "max_ms": 2909.514790997491,
      "tok_per_s": 0.531842661039044,
      "expert_stats": {
        "hits": 9802,
        "misses": 4598,
        "evictions": 4598,
        "hit_rate": 0.6806944444444445,
        "prefill_hits": 0,
        "prefill_misses": 0,
        "prefill_hit_rate": 0.0,
        "decode_hits": 9802,
        "decode_misses": 4598,
        "decode_hit_rate": 0.6806944444444445,
        "avg_load_ms": 2.5539310940069337,
        "load_count": 4598,
        "load_time_ms_total": 11742.97517024388,
        "resident_slots": 480,
        "prefill_gather_calls": 0,
        "decode_gather_calls": 1800,
        "prefetch_requests": 0,
        "prefetch_already_cached": 0
      },
      "max_resident_experts": 480
    },
    "512": {
      "config": {
        "cache_type": "default",
        "npt16": "0",
        "use_dedekimi_observer": false,
        "use_predictor": false,
        "use_cliques": false
      },
      "step_times_ms": [
        2417.732541987789,
        2814.310208996176,
        2145.5408750043716,
        1667.3787089966936,
        1881.127208005637,
        1718.728874999215,
        1806.0276670003077,
        1924.835500001791,
        2072.1586250001565,
        1788.930499998969,
        1985.2914999937639,
        2516.9188329891767,
        2947.672790993238,
        2223.2465830020374,
        1835.3491250018124,
        2012.74312500027,
        1999.0172910038382,
        1992.0040419965517,
        2038.580375010497,
        2353.1005419936264,
        2104.571209012647,
        2040.8984170062467,
        1671.155167001416,
        1676.2747089960612,
        1826.8588749924675,
        1938.0037499940954,
        1784.5582919981098,
        1976.6552920045797,
        1792.080541010364,
        1834.6276249940274
      ],
      "median_ms": 1980.9733959991718,
      "mean_ms": 2026.2126264661977,
      "std_ms": 309.88377372126104,
      "min_ms": 1667.3787089966936,
      "max_ms": 2947.672790993238,
      "tok_per_s": 0.5048023370831872,
      "expert_stats": {
        "hits": 9802,
        "misses": 4598,
        "evictions": 4598,
        "hit_rate": 0.6806944444444445,
        "prefill_hits": 0,
        "prefill_misses": 0,
        "prefill_hit_rate": 0.0,
        "decode_hits": 9802,
        "decode_misses": 4598,
        "decode_hit_rate": 0.6806944444444445,
        "avg_load_ms": 2.6066608976918046,
        "load_count": 4598,
        "load_time_ms_total": 11985.426807586919,
        "resident_slots": 512,
        "prefill_gather_calls": 0,
        "decode_gather_calls": 1800,
        "prefetch_requests": 0,
        "prefetch_already_cached": 0
      },
      "max_resident_experts": 512
    },
    "560": {
      "config": {
        "cache_type": "default",
        "npt16": "0",
        "use_dedekimi_observer": false,
        "use_predictor": false,
        "use_cliques": false
      },
      "step_times_ms": [
        2457.887708005728,
        2915.1196249877103,
        2388.827000002493,
        1709.0712909994181,
        1806.0762499953853,
        1813.5847079975065,
        1982.8685840038816,
        1813.8049170083832,
        2245.4892090026988,
        1667.3427500063553,
        2028.233208009624,
        2448.4789169946453,
        2990.9305409964873,
        2188.7293749896344,
        1918.4912089986028,
        2073.212457995396,
        2037.9945000022417,
        1923.3964159939205,
        1997.1135000087088,
        2498.596915989765,
        2239.0936659940053,
        2100.4109579953365,
        1785.44658300234,
        1750.5851250025444,
        1895.4392500018002,
        2010.4016660043271,
        1833.0780830001459,
        1865.0294999970356,
        2011.4181250100955,
        1921.0319580015494
      ],
      "median_ms": 2003.757583006518,
      "mean_ms": 2077.239466533259,
      "std_ms": 321.9000721556363,
      "min_ms": 1667.3427500063553,
      "max_ms": 2990.9305409964873,
      "tok_per_s": 0.499062365867412,
      "expert_stats": {
        "hits": 9810,
        "misses": 4590,
        "evictions": 4590,
        "hit_rate": 0.68125,
        "prefill_hits": 0,
        "prefill_misses": 0,
        "prefill_hit_rate": 0.0,
        "decode_hits": 9810,
        "decode_misses": 4590,
        "decode_hit_rate": 0.68125,
        "avg_load_ms": 2.567275843051316,
        "load_count": 4590,
        "load_time_ms_total": 11783.79611960554,
        "resident_slots": 560,
        "prefill_gather_calls": 0,
        "decode_gather_calls": 1800,
        "prefetch_requests": 0,
        "prefetch_already_cached": 0
      },