{
  "timestamp": "2026-05-06T07:04:52Z",
  "arm": "L0",
  "model": "/Volumes/Samsung9904tb/Kimi-K2.6",
  "sweep_values": [
    64,
    128,
    200,
    400,
    800
  ],
  "prompt_tokens": 32,
  "warmup": 30,
  "decode_steps": 30,
  "runs": {
    "64": {
      "config": {
        "cache_type": "default",
        "npt16": "0",
        "use_dedekimi_observer": false,
        "use_predictor": false,
        "use_cliques": false
      },
      "step_times_ms": [
        2138.966917002108,
        2562.7529579942347,
        1543.6257920082426,
        1501.4495000068564,
        1571.3375420018565,
        1559.7743329999503,
        1653.005291998852,
        1593.1611660053022,
        1698.9735000097426,
        1596.04866700829,
        1747.4946250003995,
        2102.9232910077553,
        1884.3353330012178,
        1691.5837909909897,
        1562.0460420032032,
        1622.7307499939343,
        1690.827917002025,
        1728.41129200242,
        1782.308333000401,
        2092.119332999573,
        1795.3356669895584,
        1779.4852500082925,
        1629.8749999987194,
        1540.5889999965439,
        1673.9662920008413,
        1753.6333330062917,
        1529.03974999208,
        1716.3937089935644,
        1677.6570829970296,
        1777.1532909973757
      ],
      "median_ms": 1691.2058539965074,
      "mean_ms": 1739.9001583005884,
      "std_ms": 222.41953561888667,
      "min_ms": 1501.4495000068564,
      "max_ms": 2562.7529579942347,
      "tok_per_s": 0.5912940743652755,
      "expert_stats": {
        "hits": 0,
        "misses": 14400,
        "evictions": 14400,
        "hit_rate": 0.0,
        "prefill_hits": 0,
        "prefill_misses": 0,
        "prefill_hit_rate": 0.0,
        "decode_hits": 0,
        "decode_misses": 14400,
        "decode_hit_rate": 0.0,
        "avg_load_ms": 0.8049752934311982,
        "load_count": 14400,
        "load_time_ms_total": 11591.644225409254,
        "resident_slots": 64,
        "prefill_gather_calls": 0,
        "decode_gather_calls": 1800,
        "prefetch_requests": 0,
        "prefetch_already_cached": 0
      },
      "max_resident_experts": 64
    },
    "128": {
      "config": {
        "cache_type": "default",
        "npt16": "0",
        "use_dedekimi_observer": false,
        "use_predictor": false,
        "use_cliques": false
      },
      "step_times_ms": [
        1853.1961669941666,
        1678.514291997999,
        1475.2679590019397,
        1487.701209000079,
        1504.4805420038756,
        1480.825292004738,
        1541.630207997514,
        1535.2661659999285,
        1501.2873749947175,
        1449.1825419972884,
        1526.91024998785,
        1836.505125000258,
        1642.9041669907747,
        1498.2856669957982,
        1559.423250000691,
        1479.6801670017885,
        1537.358374989708,
        1487.6027499994962,
        1570.2789589995518,
        1734.800833000918,
        1531.193874994642,
        1581.278707992169,
        1438.806291000219,
        1534.562000000733,
        1525.1309580053203,
        1505.8321250107838,
        1526.7129169951659,
        1508.2947080081794,
        1506.1071250092937,
        1581.3926669943612
      ],
      "median_ms": 1526.811583491508,
      "mean_ms": 1554.0137556323316,
      "std_ms": 99.39461286152527,
      "min_ms": 1438.806291000219,
      "max_ms": 1853.1961669941666,
      "tok_per_s": 0.6549596628768057,
      "expert_stats": {
        "hits": 0,
        "misses": 14400,
        "evictions": 14400,
        "hit_rate": 0.0,
        "prefill_hits": 0,
        "prefill_misses": 0,
        "prefill_hit_rate": 0.0,
        "decode_hits": 0,
        "decode_misses": 14400,
        "decode_hit_rate": 0.0,
        "avg_load_ms": 0.9263419662955938,
        "load_count": 14400,
        "load_time_ms_total": 13339.324314656551,
        "resident_slots": 128,
        "prefill_gather_calls": 0,
        "decode_gather_calls": 1800,
        "prefetch_requests": 0,
        "prefetch_already_cached": 0
      },
      "max_resident_experts": 128
    },
    "200": {
      "config": {
        "cache_type": "default",
        "npt16": "0",
        "use_dedekimi_observer": false,
        "use_predictor": false,
        "use_cliques": false
      },
      "step_times_ms": [
        1895.2645419922192,
        1760.2045000094222,
        1528.4209579986054,
        1488.1131250003818,
        1539.6243340073852,
        1500.5595840048045,
        1537.310959000024,
        1565.7712920074118,
        1514.5526249980321,
        1503.917125010048,
        1542.379249993246,
        1938.7235829926794,
        1779.4448329950683,
        1521.1184170038905,
        1524.4513749930775,
        1541.7319999978645,
        1548.1922080070945,
        1586.1753329954809,
        1586.1732919875067,
        1924.2753339931369,
        1658.2130420138128,
        1685.793750002631,
        1540.1340829994297,
        1562.3149999883026,
        1600.2245409908937,
        1598.2327079982497,
        1521.2893749994691,
        1492.6568329974543,
        1549.0781249973224,
        1595.4114159976598
      ],
      "median_ms": 1548.6351665022084,
      "mean_ms": 1604.3251180657535,
      "std_ms": 125.82855187929091,
      "min_ms": 1488.1131250003818,
      "max_ms": 1938.7235829926794,
      "tok_per_s": 0.6457298798519657,
      "expert_stats": {
        "hits": 0,
        "misses": 14400,
        "evictions": 14400,
        "hit_rate": 0.0,
        "prefill_hits": 0,
        "prefill_misses": 0,
        "prefill_hit_rate": 0.0,
        "decode_hits": 0,
        "decode_misses": 14400,
        "decode_hit_rate": 0.0,
        "avg_load_ms": 0.9415024570211649,
        "load_count": 14400,
        "load_time_ms_total": 13557.635381104774,
        "resident_slots": 200,
        "prefill_gather_calls": 0,
        "decode_gather_calls": 1800,
        "prefetch_requests": 0,
        "prefetch_already_cached": 0
      },
      "max_resident_experts": 200
    },
    "400": {
      "config": {
        "cache_type": "default",
        "npt16": "0",
        "use_dedekimi_observer": false,
        "use_predictor": false,
        "use_cliques": false
      },
      "step_times_ms": [
        2715.501665996271,
        3077.2213749878574,
        2211.8566669960273,
        2203.7982909969287,
        2164.788249996491,
        2271.3526669977,
        2204.6287919947645,
        2239.53687500034,
        2394.9762919946807,
        2165.3929589956533,
        2441.3018330087652,
        3331.2178749911254,
        2591.5346670080908,
        2356.3775830116356,
        2278.360124997562,
        2327.8942909964826,
        2368.4229159989627,
        2331.226207999862,
        2390.2950000046985,
        2678.2104579906445,
        2448.6382080067415,
        2529.795207999996,
        2214.362083992455,
        2254.763749995618,
        2306.801125014317,
        2335.7271660061087,
        2201.975042000413,
        2276.5411250002217,
        2244.523457993637,
        2642.232791011338
      ],
      "median_ms": 2329.560249498172,
      "mean_ms": 2406.641824899513,
      "std_ms": 261.86302345983785,
      "min_ms": 2164.788249996491,
      "max_ms": 3331.2178749911254,
      "tok_per_s": 0.42926556641555735,
      "expert_stats": {
        "hits": 0,
        "misses": 14400,
        "evictions": 14400,
        "hit_rate": 0.0,
        "prefill_hits": 0,
        "prefill_misses": 0,
        "prefill_hit_rate": 0.0,
        "decode_hits": 0,
        "decode_misses": 14400,
        "decode_hit_rate": 0.0,
        "avg_load_ms": 0.9861507030463044,
        "load_count": 14400,
        "load_time_ms_total": 14200.570123866783,
        "resident_slots": 400,
        "prefill_gather_calls": 0,
        "decode_gather_calls": 1800,
        "prefetch_requests": 0,
        "prefetch_already_cached": 0
      },
      "max_resident_experts": 400
    },
    "800": {
      "config": {
        "cache_type": "default",