{
  "ts": 1778058291.755827,
  "swap": "total = 1024.00M  used = 16.50M  free = 1007.50M  (encrypted)",
  "pages_free_gib": 42.92173767089844,
  "pages_active_gib": 21.449874877929688,
  "pages_inactive_gib": 18.800765991210938
}
